{"frames": {

"num_R_export0001.png":
{
	"frame": {"x":1,"y":1,"w":26,"h":30},
	"rotated": false,
	"trimmed": false,
	"spriteSourceSize": {"x":0,"y":0,"w":26,"h":30},
	"sourceSize": {"w":26,"h":30},
	"pivot": {"x":0.5,"y":0.5}
},
"num_R_export0002.png":
{
	"frame": {"x":29,"y":1,"w":26,"h":30},
	"rotated": false,
	"trimmed": false,
	"spriteSourceSize": {"x":0,"y":0,"w":26,"h":30},
	"sourceSize": {"w":26,"h":30},
	"pivot": {"x":0.5,"y":0.5}
},
"num_R_export0003.png":
{
	"frame": {"x":57,"y":1,"w":26,"h":30},
	"rotated": false,
	"trimmed": false,
	"spriteSourceSize": {"x":0,"y":0,"w":26,"h":30},
	"sourceSize": {"w":26,"h":30},
	"pivot": {"x":0.5,"y":0.5}
},
"num_R_export0004.png":
{
	"frame": {"x":85,"y":1,"w":26,"h":30},
	"rotated": false,
	"trimmed": false,
	"spriteSourceSize": {"x":0,"y":0,"w":26,"h":30},
	"sourceSize": {"w":26,"h":30},
	"pivot": {"x":0.5,"y":0.5}
},
"num_R_export0005.png":
{
	"frame": {"x":113,"y":1,"w":26,"h":30},
	"rotated": false,
	"trimmed": false,
	"spriteSourceSize": {"x":0,"y":0,"w":26,"h":30},
	"sourceSize": {"w":26,"h":30},
	"pivot": {"x":0.5,"y":0.5}
},
"num_R_export0006.png":
{
	"frame": {"x":141,"y":1,"w":26,"h":30},
	"rotated": false,
	"trimmed": false,
	"spriteSourceSize": {"x":0,"y":0,"w":26,"h":30},
	"sourceSize": {"w":26,"h":30},
	"pivot": {"x":0.5,"y":0.5}
},
"num_R_export0007.png":
{
	"frame": {"x":169,"y":1,"w":26,"h":30},
	"rotated": false,
	"trimmed": false,
	"spriteSourceSize": {"x":0,"y":0,"w":26,"h":30},
	"sourceSize": {"w":26,"h":30},
	"pivot": {"x":0.5,"y":0.5}
},
"num_R_export0008.png":
{
	"frame": {"x":197,"y":1,"w":26,"h":30},
	"rotated": false,
	"trimmed": false,
	"spriteSourceSize": {"x":0,"y":0,"w":26,"h":30},
	"sourceSize": {"w":26,"h":30},
	"pivot": {"x":0.5,"y":0.5}
},
"num_R_export0009.png":
{
	"frame": {"x":225,"y":1,"w":26,"h":30},
	"rotated": false,
	"trimmed": false,
	"spriteSourceSize": {"x":0,"y":0,"w":26,"h":30},
	"sourceSize": {"w":26,"h":30},
	"pivot": {"x":0.5,"y":0.5}
},
"num_R_export0010.png":
{
	"frame": {"x":253,"y":1,"w":26,"h":30},
	"rotated": false,
	"trimmed": false,
	"spriteSourceSize": {"x":0,"y":0,"w":26,"h":30},
	"sourceSize": {"w":26,"h":30},
	"pivot": {"x":0.5,"y":0.5}
},
"num_R_export0011.png":
{
	"frame": {"x":281,"y":1,"w":26,"h":30},
	"rotated": false,
	"trimmed": false,
	"spriteSourceSize": {"x":0,"y":0,"w":26,"h":30},
	"sourceSize": {"w":26,"h":30},
	"pivot": {"x":0.5,"y":0.5}
},
"num_R_export0012.png":
{
	"frame": {"x":309,"y":1,"w":26,"h":30},
	"rotated": false,
	"trimmed": false,
	"spriteSourceSize": {"x":0,"y":0,"w":26,"h":30},
	"sourceSize": {"w":26,"h":30},
	"pivot": {"x":0.5,"y":0.5}
},
"num_R_export0013.png":
{
	"frame": {"x":337,"y":1,"w":26,"h":30},
	"rotated": false,
	"trimmed": false,
	"spriteSourceSize": {"x":0,"y":0,"w":26,"h":30},
	"sourceSize": {"w":26,"h":30},
	"pivot": {"x":0.5,"y":0.5}
}},
"meta": {
	"app": "http://www.codeandweb.com/texturepacker",
	"version": "1.0",
	"image": "stg_num2.png",
	"format": "RGBA8888",
	"size": {"w":364,"h":32},
	"scale": "1",
	"smartupdate": "$TexturePacker:SmartUpdate:eea3db2af1600c7ac0f695e885e7c1fb:eea7725210406e3e8c7c8a9055e117c7:4598dfb3a3cf593b14b95c1d190578a4$"
}
}
