{"frames": {

"num_W_export0001.png":
{
	"frame": {"x":1,"y":1,"w":26,"h":30},
	"rotated": false,
	"trimmed": false,
	"spriteSourceSize": {"x":0,"y":0,"w":26,"h":30},
	"sourceSize": {"w":26,"h":30},
	"pivot": {"x":0.5,"y":0.5}
},
"num_W_export0002.png":
{
	"frame": {"x":29,"y":1,"w":26,"h":30},
	"rotated": false,
	"trimmed": false,
	"spriteSourceSize": {"x":0,"y":0,"w":26,"h":30},
	"sourceSize": {"w":26,"h":30},
	"pivot": {"x":0.5,"y":0.5}
},
"num_W_export0003.png":
{
	"frame": {"x":57,"y":1,"w":26,"h":30},
	"rotated": false,
	"trimmed": false,
	"spriteSourceSize": {"x":0,"y":0,"w":26,"h":30},
	"sourceSize": {"w":26,"h":30},
	"pivot": {"x":0.5,"y":0.5}
},
"num_W_export0004.png":
{
	"frame": {"x":85,"y":1,"w":26,"h":30},
	"rotated": false,
	"trimmed": false,
	"spriteSourceSize": {"x":0,"y":0,"w":26,"h":30},
	"sourceSize": {"w":26,"h":30},
	"pivot": {"x":0.5,"y":0.5}
},
"num_W_export0005.png":
{
	"frame": {"x":113,"y":1,"w":26,"h":30},
	"rotated": false,
	"trimmed": false,
	"spriteSourceSize": {"x":0,"y":0,"w":26,"h":30},
	"sourceSize": {"w":26,"h":30},
	"pivot": {"x":0.5,"y":0.5}
},
"num_W_export0006.png":
{
	"frame": {"x":141,"y":1,"w":26,"h":30},
	"rotated": false,
	"trimmed": false,
	"spriteSourceSize": {"x":0,"y":0,"w":26,"h":30},
	"sourceSize": {"w":26,"h":30},
	"pivot": {"x":0.5,"y":0.5}
},
"num_W_export0007.png":
{
	"frame": {"x":169,"y":1,"w":26,"h":30},
	"rotated": false,
	"trimmed": false,
	"spriteSourceSize": {"x":0,"y":0,"w":26,"h":30},
	"sourceSize": {"w":26,"h":30},
	"pivot": {"x":0.5,"y":0.5}
},
"num_W_export0008.png":
{
	"frame": {"x":197,"y":1,"w":26,"h":30},
	"rotated": false,
	"trimmed": false,
	"spriteSourceSize": {"x":0,"y":0,"w":26,"h":30},
	"sourceSize": {"w":26,"h":30},
	"pivot": {"x":0.5,"y":0.5}
},
"num_W_export0009.png":
{
	"frame": {"x":225,"y":1,"w":26,"h":30},
	"rotated": false,
	"trimmed": false,
	"spriteSourceSize": {"x":0,"y":0,"w":26,"h":30},
	"sourceSize": {"w":26,"h":30},
	"pivot": {"x":0.5,"y":0.5}
},
"num_W_export0010.png":
{
	"frame": {"x":253,"y":1,"w":26,"h":30},
	"rotated": false,
	"trimmed": false,
	"spriteSourceSize": {"x":0,"y":0,"w":26,"h":30},
	"sourceSize": {"w":26,"h":30},
	"pivot": {"x":0.5,"y":0.5}
},
"num_W_export0011.png":
{
	"frame": {"x":281,"y":1,"w":26,"h":30},
	"rotated": false,
	"trimmed": false,
	"spriteSourceSize": {"x":0,"y":0,"w":26,"h":30},
	"sourceSize": {"w":26,"h":30},
	"pivot": {"x":0.5,"y":0.5}
},
"num_W_export0012.png":
{
	"frame": {"x":309,"y":1,"w":26,"h":30},
	"rotated": false,
	"trimmed": false,
	"spriteSourceSize": {"x":0,"y":0,"w":26,"h":30},
	"sourceSize": {"w":26,"h":30},
	"pivot": {"x":0.5,"y":0.5}
},
"num_W_export0013.png":
{
	"frame": {"x":337,"y":1,"w":26,"h":30},
	"rotated": false,
	"trimmed": false,
	"spriteSourceSize": {"x":0,"y":0,"w":26,"h":30},
	"sourceSize": {"w":26,"h":30},
	"pivot": {"x":0.5,"y":0.5}
}},
"meta": {
	"app": "http://www.codeandweb.com/texturepacker",
	"version": "1.0",
	"image": "stg_num1.png",
	"format": "RGBA8888",
	"size": {"w":364,"h":32},
	"scale": "1",
	"smartupdate": "$TexturePacker:SmartUpdate:faf1d8977937d7ceab7b3182a276f56e:5cbfcf6a75ce64ed8a0f6d4d535dfa32:9f53837694b60eb948d99f5bdab63f4a$"
}
}
