{"frames": {

"num_Bl_export0001.png":
{
	"frame": {"x":1,"y":1,"w":26,"h":30},
	"rotated": false,
	"trimmed": false,
	"spriteSourceSize": {"x":0,"y":0,"w":26,"h":30},
	"sourceSize": {"w":26,"h":30},
	"pivot": {"x":0.5,"y":0.5}
},
"num_Bl_export0002.png":
{
	"frame": {"x":29,"y":1,"w":26,"h":30},
	"rotated": false,
	"trimmed": false,
	"spriteSourceSize": {"x":0,"y":0,"w":26,"h":30},
	"sourceSize": {"w":26,"h":30},
	"pivot": {"x":0.5,"y":0.5}
},
"num_Bl_export0003.png":
{
	"frame": {"x":57,"y":1,"w":26,"h":30},
	"rotated": false,
	"trimmed": false,
	"spriteSourceSize": {"x":0,"y":0,"w":26,"h":30},
	"sourceSize": {"w":26,"h":30},
	"pivot": {"x":0.5,"y":0.5}
},
"num_Bl_export0004.png":
{
	"frame": {"x":85,"y":1,"w":26,"h":30},
	"rotated": false,
	"trimmed": false,
	"spriteSourceSize": {"x":0,"y":0,"w":26,"h":30},
	"sourceSize": {"w":26,"h":30},
	"pivot": {"x":0.5,"y":0.5}
},
"num_Bl_export0005.png":
{
	"frame": {"x":113,"y":1,"w":26,"h":30},
	"rotated": false,
	"trimmed": false,
	"spriteSourceSize": {"x":0,"y":0,"w":26,"h":30},
	"sourceSize": {"w":26,"h":30},
	"pivot": {"x":0.5,"y":0.5}
},
"num_Bl_export0006.png":
{
	"frame": {"x":141,"y":1,"w":26,"h":30},
	"rotated": false,
	"trimmed": false,
	"spriteSourceSize": {"x":0,"y":0,"w":26,"h":30},
	"sourceSize": {"w":26,"h":30},
	"pivot": {"x":0.5,"y":0.5}
},
"num_Bl_export0007.png":
{
	"frame": {"x":169,"y":1,"w":26,"h":30},
	"rotated": false,
	"trimmed": false,
	"spriteSourceSize": {"x":0,"y":0,"w":26,"h":30},
	"sourceSize": {"w":26,"h":30},
	"pivot": {"x":0.5,"y":0.5}
},
"num_Bl_export0008.png":
{
	"frame": {"x":197,"y":1,"w":26,"h":30},
	"rotated": false,
	"trimmed": false,
	"spriteSourceSize": {"x":0,"y":0,"w":26,"h":30},
	"sourceSize": {"w":26,"h":30},
	"pivot": {"x":0.5,"y":0.5}
},
"num_Bl_export0009.png":
{
	"frame": {"x":225,"y":1,"w":26,"h":30},
	"rotated": false,
	"trimmed": false,
	"spriteSourceSize": {"x":0,"y":0,"w":26,"h":30},
	"sourceSize": {"w":26,"h":30},
	"pivot": {"x":0.5,"y":0.5}
},
"num_Bl_export0010.png":
{
	"frame": {"x":253,"y":1,"w":26,"h":30},
	"rotated": false,
	"trimmed": false,
	"spriteSourceSize": {"x":0,"y":0,"w":26,"h":30},
	"sourceSize": {"w":26,"h":30},
	"pivot": {"x":0.5,"y":0.5}
},
"num_Bl_export0011.png":
{
	"frame": {"x":281,"y":1,"w":26,"h":30},
	"rotated": false,
	"trimmed": false,
	"spriteSourceSize": {"x":0,"y":0,"w":26,"h":30},
	"sourceSize": {"w":26,"h":30},
	"pivot": {"x":0.5,"y":0.5}
},
"num_Bl_export0012.png":
{
	"frame": {"x":309,"y":1,"w":26,"h":30},
	"rotated": false,
	"trimmed": false,
	"spriteSourceSize": {"x":0,"y":0,"w":26,"h":30},
	"sourceSize": {"w":26,"h":30},
	"pivot": {"x":0.5,"y":0.5}
},
"num_Bl_export0013.png":
{
	"frame": {"x":337,"y":1,"w":26,"h":30},
	"rotated": false,
	"trimmed": false,
	"spriteSourceSize": {"x":0,"y":0,"w":26,"h":30},
	"sourceSize": {"w":26,"h":30},
	"pivot": {"x":0.5,"y":0.5}
}},
"meta": {
	"app": "http://www.codeandweb.com/texturepacker",
	"version": "1.0",
	"image": "stg_num3.png",
	"format": "RGBA8888",
	"size": {"w":364,"h":32},
	"scale": "1",
	"smartupdate": "$TexturePacker:SmartUpdate:82afd6cb8892613e9008e302c99777c8:54b23945813f322be91c169d84757d17:bccbe4a408b2ee5f75994cf48487c397$"
}
}
