{
  "width": 640,
  "height": 360,
  "fps": 30,
  "main": "./script/aez_bundle_main.js",
  "assets": {
    "bikkurireika": {
      "type": "image",
      "width": 115,
      "height": 40,
      "path": "files/156a8cc3fd62d04da699.png",
      "virtualPath": "image/bikkurireika.png"
    },
    "finishLabel": {
      "type": "image",
      "width": 600,
      "height": 240,
      "path": "files/a21cf2a399f5523e44e2.png",
      "virtualPath": "image/finishLabel.png"
    },
    "gage": {
      "type": "image",
      "width": 344,
      "height": 42,
      "path": "files/ca8aa865b4f2193e9c19.png",
      "virtualPath": "image/gage.png"
    },
    "gatareika": {
      "type": "image",
      "width": 142,
      "height": 50,
      "path": "files/cb2fbce2c632c0483203.png",
      "virtualPath": "image/gatareika.png"
    },
    "gyakureika": {
      "type": "image",
      "width": 112,
      "height": 36,
      "path": "files/7bc5b3ccaadaba0ff2ea.png",
      "virtualPath": "image/gyakureika.png"
    },
    "huwareika": {
      "type": "image",
      "width": 104,
      "height": 39,
      "path": "files/6cc3e556661bb165a1ba.png",
      "virtualPath": "image/huwareika.png"
    },
    "img_num_result": {
      "type": "image",
      "width": 936,
      "height": 83,
      "path": "files/ea78f4134a06db3835da.png",
      "virtualPath": "image/img_num_result.png"
    },
    "img_stg_num1": {
      "type": "image",
      "width": 364,
      "height": 32,
      "path": "files/d762e14b334ee65f6a2b.png",
      "virtualPath": "image/img_stg_num1.png"
    },
    "maxgage": {
      "type": "image",
      "width": 334,
      "height": 32,
      "path": "files/8826189ef1e148ee9012.png",
      "virtualPath": "image/maxgage.png"
    },
    "needle": {
      "type": "image",
      "width": 53,
      "height": 48,
      "path": "files/dd146831c4de18f72807.png",
      "virtualPath": "image/needle.png"
    },
    "needle2": {
      "type": "image",
      "width": 53,
      "height": 48,
      "path": "files/87c7a068c4a1db7e9368.png",
      "virtualPath": "image/needle2.png"
    },
    "nemureika": {
      "type": "image",
      "width": 560,
      "height": 60,
      "path": "files/4da5afa4eba3fb373b25.png",
      "virtualPath": "image/nemureika.png"
    },
    "normal": {
      "type": "image",
      "width": 480,
      "height": 60,
      "path": "files/e4aff9ea9d0e2afce5b6.png",
      "virtualPath": "image/normal.png"
    },
    "normal_caught": {
      "type": "image",
      "width": 120,
      "height": 60,
      "path": "files/0c3ca337673b8085f875.png",
      "virtualPath": "image/normal_caught.png"
    },
    "odoreika": {
      "type": "image",
      "width": 296,
      "height": 29,
      "path": "files/e26c982430e7bed2378c.png",
      "virtualPath": "image/odoreika.png"
    },
    "paralysis": {
      "type": "image",
      "width": 550,
      "height": 523,
      "path": "files/ec689d69fadb2c178ff8.png",
      "virtualPath": "image/paralysis.png"
    },
    "paralysis2": {
      "type": "image",
      "width": 550,
      "height": 523,
      "path": "files/decbd10bea6205c54897.png",
      "virtualPath": "image/paralysis2.png"
    },
    "pt": {
      "type": "image",
      "width": 32,
      "height": 38,
      "path": "files/526b80e5fd3086ed8d85.png",
      "virtualPath": "image/pt.png"
    },
    "reika": {
      "type": "image",
      "width": 150,
      "height": 63,
      "path": "files/c3d997ee1c6ee0a04cbe.png",
      "virtualPath": "image/reika.png"
    },
    "reikatyon": {
      "type": "image",
      "width": 120,
      "height": 60,
      "path": "files/20bd58c1ef3e04c18bb8.png",
      "virtualPath": "image/reikatyon.png"
    },
    "result_board": {
      "type": "image",
      "width": 457,
      "height": 172,
      "path": "files/f479e8e6be78377dc684.png",
      "virtualPath": "image/result_board.png"
    },
    "takoreika": {
      "type": "image",
      "width": 960,
      "height": 60,
      "path": "files/19e49b016ab2621d4acb.png",
      "virtualPath": "image/takoreika.png"
    },
    "thunder": {
      "type": "image",
      "width": 1100,
      "height": 523,
      "path": "files/0b3c34d9d8bf7f96309e.png",
      "virtualPath": "image/thunder.png"
    },
    "time": {
      "type": "image",
      "width": 38,
      "height": 38,
      "path": "files/834f6f7b833bbd30f0bc.png",
      "virtualPath": "image/time.png"
    },
    "tsuribito": {
      "type": "image",
      "width": 550,
      "height": 523,
      "path": "files/722d3a57b1842d13b4ca.png",
      "virtualPath": "image/tsuribito.png"
    },
    "tsuribito2": {
      "type": "image",
      "width": 550,
      "height": 523,
      "path": "files/a1b83fc6fd8152294a68.png",
      "virtualPath": "image/tsuribito2.png"
    },
    "tsuribito3": {
      "type": "image",
      "width": 550,
      "height": 523,
      "path": "files/68084568f80d63aca0a0.png",
      "virtualPath": "image/tsuribito3.png"
    },
    "tsurizao": {
      "type": "image",
      "width": 14,
      "height": 480,
      "path": "files/24acc464efc7ef04b6d5.png",
      "virtualPath": "image/tsurizao.png"
    },
    "wave": {
      "type": "image",
      "width": 700,
      "height": 400,
      "path": "files/2c647486758a5dce2220.png",
      "virtualPath": "image/wave.png"
    },
    "yuizarashi": {
      "type": "image",
      "width": 960,
      "height": 60,
      "path": "files/65af28042904e0766691.png",
      "virtualPath": "image/yuizarashi.png"
    },
    "bgm": {
      "type": "audio",
      "path": "files/50c3d7f38caba348f373",
      "systemId": "music",
      "duration": 50824,
      "virtualPath": "audio/bgm/bgm"
    },
    "catchSE": {
      "type": "audio",
      "path": "files/311115ef2538f5bd4838",
      "systemId": "sound",
      "duration": 2000,
      "virtualPath": "audio/catchSE/catchSE"
    },
    "konoyaro": {
      "type": "audio",
      "path": "files/51a352b7419f6097dc14",
      "systemId": "sound",
      "duration": 1700,
      "virtualPath": "audio/konoyaro/konoyaro"
    },
    "reppu": {
      "type": "audio",
      "path": "files/9c20ee3f344e035ff2f6",
      "systemId": "music",
      "duration": 235991,
      "virtualPath": "audio/reppu/reppu"
    },
    "se_No8_RollCount2": {
      "type": "audio",
      "path": "files/cb5a14215b6b070b86ac",
      "systemId": "sound",
      "duration": 3995,
      "virtualPath": "audio/se_No8_RollCount2/se_No8_RollCount2"
    },
    "se_No8_RollCount_Finish": {
      "type": "audio",
      "path": "files/9b93d58e38054c69218c",
      "systemId": "sound",
      "duration": 665,
      "virtualPath": "audio/se_No8_RollCount_Finish/se_No8_RollCount_Finish"
    },
    "se_real57": {
      "type": "audio",
      "path": "files/77380f3ace9847cf5f03",
      "systemId": "sound",
      "duration": 400,
      "virtualPath": "audio/se_real57/se_real57"
    },
    "json_num_result": {
      "type": "text",
      "path": "files/523ce7d90b6b4d120a90.json",
      "virtualPath": "text/json_num_result.json"
    },
    "json_stg_num1": {
      "type": "text",
      "path": "files/b85b91d1ffb41e4b4886.json",
      "virtualPath": "text/json_stg_num1.json"
    },
    "spriteSheetTypes": {
      "type": "script",
      "path": "files/f7d1d614743001a2314a.js",
      "global": false,
      "virtualPath": "script/Util/spriteSheetTypes.js"
    },
    "assetInfoType": {
      "type": "script",
      "path": "files/340230aaf954fe17cdf4.js",
      "global": false,
      "virtualPath": "script/commonTypes/assetInfoType.js"
    },
    "yureika": {
      "type": "image",
      "width": 960,
      "height": 60,
      "path": "files/901d14f043238835dccb.png",
      "virtualPath": "image/yureika.png"
    },
    "unti": {
      "type": "image",
      "width": 75,
      "height": 60,
      "path": "files/5d5d054354fe051f9f6b.png",
      "virtualPath": "image/unti.png"
    },
    "untireika": {
      "type": "image",
      "width": 240,
      "height": 60,
      "path": "files/4dd969372c5eb5be92ff.png",
      "virtualPath": "image/untireika.png"
    },
    "throwunti": {
      "type": "image",
      "width": 240,
      "height": 60,
      "path": "files/d051d76c80f13c8a57a0.png",
      "virtualPath": "image/throwunti.png"
    },
    "unticaught": {
      "type": "image",
      "width": 75,
      "height": 60,
      "path": "files/f61f455a12934ca5235a.png",
      "virtualPath": "image/unticaught.png"
    },
    "getreika": {
      "type": "audio",
      "path": "files/dacb097f23907e6472f1",
      "systemId": "sound",
      "duration": 1836,
      "virtualPath": "audio/getreika/getreika"
    },
    "paralysisSound": {
      "type": "audio",
      "path": "files/841ea27f71fcd8043139",
      "systemId": "sound",
      "duration": 3057,
      "virtualPath": "audio/paralysisSound/paralysisSound"
    },
    "yuizarashi2": {
      "type": "image",
      "width": 960,
      "height": 120,
      "path": "files/d846ce4268b0ff106a10.png",
      "virtualPath": "image/yuizarashi2.png"
    },
    "img_stg_num3": {
      "type": "image",
      "width": 364,
      "height": 32,
      "path": "files/050db3992d0a125e731c.png",
      "virtualPath": "image/img_stg_num3.png"
    },
    "json_stg_num3": {
      "type": "text",
      "path": "files/e1c86ab2e96313010dd1.json",
      "virtualPath": "text/json_stg_num3.json"
    },
    "img_stg_num2": {
      "type": "image",
      "width": 364,
      "height": 32,
      "path": "files/726bd11d3c652390559b.png",
      "virtualPath": "image/img_stg_num2.png"
    },
    "json_stg_num2": {
      "type": "text",
      "path": "files/0c3c0d35c37c8a19f798.json",
      "virtualPath": "text/json_stg_num2.json"
    },
    "alertBG": {
      "type": "image",
      "width": 640,
      "height": 360,
      "path": "files/21616a3e459f3f8b3b67.png",
      "virtualPath": "image/alertBG.png"
    },
    "Countdown": {
      "type": "audio",
      "path": "files/7f7fcefdb41be593a5d6",
      "systemId": "sound",
      "duration": 2426,
      "virtualPath": "audio/Countdown/Countdown"
    },
    "gamestart": {
      "type": "audio",
      "path": "files/fb9e70d7b734189c5eb2",
      "systemId": "sound",
      "duration": 2805,
      "virtualPath": "audio/gamestart/gamestart"
    },
    "title": {
      "type": "image",
      "width": 640,
      "height": 360,
      "path": "files/6a2fc763d1ca590c49f9.png",
      "virtualPath": "image/title.png"
    },
    "sun": {
      "type": "image",
      "width": 200,
      "height": 100,
      "path": "files/1f62efeb33838c6d18e6.png",
      "virtualPath": "image/sun.png"
    },
    "catchFeverSE": {
      "type": "audio",
      "path": "files/1321f5dc17f0fa0c43e9",
      "systemId": "sound",
      "duration": 1754,
      "virtualPath": "audio/catchFeverSE/catchFeverSE"
    },
    "aez_bundle_main": {
      "type": "script",
      "global": true,
      "path": "files/f086925699839f7a9594.js",
      "virtualPath": "script/aez_bundle_main.js"
    }
  },
  "environment": {
    "sandbox-runtime": "2",
    "niconico": {
      "supportedModes": [
        "single",
        "ranking"
      ]
    },
    "external": {
      "send": "0"
    },
    "akashic-runtime": {
      "version": "~2.1.13",
      "flavor": "-canvas"
    }
  },
  "globalScripts": [],
  "moduleMainScripts": {
    "@akashic-extension/akashic-timeline": "node_modules/@akashic-extension/akashic-timeline/lib/index.js"
  }
}